{
  "S&P500": [
    5907.2001953125,
    5902.64990234375,
    5860.10009765625,
    5869.60009765625,
    5893.7998046875,
    5917.35009765625,
    5907.06005859375,
    5895.93017578125,
    5895.77978515625,
    5904.06005859375,
    5909.10986328125,
    5925.22998046875,
    5934.080078125,
    5937.39990234375,
    5948.52001953125,
    5959.56982421875,
    5971.18017578125,
    5978.169921875,
    5972.009765625,
    5972.72998046875,
    5970.52978515625,
    5986.8798828125,
    5980.56982421875,
    5969.83984375,
    5983.47021484375,
    5986.18017578125,
    5980.580078125,
    5971.16015625,
    5971.31005859375,
    5996.35986328125,
    5989.39990234375,
    5974.6298828125,
    5963.02978515625,
    5933.81005859375,
    5939.68017578125
  ],
  "CAC40": [
    7790.85986328125,
    7792.14990234375,
    7800.58984375,
    7797.7001953125,
    7797.7001953125,
    7780.68994140625,
    7772.2900390625,
    7748.22998046875,
    7756.35009765625,
    7687.27001953125,
    7719.39013671875,
    7703.14990234375,
    7707.47021484375,
    7715.330078125,
    7712.240234375,
    7694.1298828125,
    7733.33984375,
    7740.9599609375,
    7713.97021484375,
    7714.72021484375,
    7715.97998046875,
    7722.259765625,
    7721.31005859375,
    7723.02978515625,
    7731.3798828125,
    7745.2998046875,
    7763.5498046875,
    7805.830078125,
    7814.5,
    7823.33984375,
    7816.31982421875,
    7818.22021484375,
    7805.18017578125,
    7810.64013671875,
    7812.259765625,
    7806.759765625,
    7825.68017578125,
    7827.75,
    7844.2900390625,
    7834.35009765625,
    7826.39013671875,
    7826.9501953125,
    7767.58984375,
    7798.419921875,
    7794.8701171875
  ],
  "Nikkei225": [
    37884.16015625,
    37925.03125,
    37890.859375,
    37911.2890625,
    37958.171875,
    38071.80078125,
    38084.12109375,
    37480.71875,
    37429.91015625,
    37414.01953125,
    37376.96875,
    37449.359375,
    37490.12890625,
    37479.33984375,
    37614.08984375,
    37710.1796875,
    37546.8515625,
    37584.62109375,
    37490.55078125,
    37518.48046875,
    37496.55078125,
    37736.44140625,
    37778.28125,
    37834.66015625,
    37783.390625,
    37770.53125,
    37812.828125,
    37750.578125,
    37630.53125,
    37686.73046875,
    37658.4609375,
    37578.05078125,
    37558.640625,
    37557.8984375,
    37551.71875
  ]
}