{
  "S&P500": [
    5914.31982421875,
    5905.830078125,
    5910.4599609375,
    5914.240234375,
    5912.25,
    5906.81005859375,
    5889.5,
    5912.60986328125,
    5919.14013671875,
    5902.240234375,
    5905.33984375,
    5892.16015625,
    5900.75,
    5912.16015625,
    5907.2001953125,
    5902.64990234375,
    5860.10009765625,
    5869.60009765625,
    5893.7998046875,
    5917.35009765625,
    5907.06005859375,
    5895.93017578125,
    5895.77978515625,
    5904.06005859375,
    5909.10986328125,
    5925.22998046875,
    5934.080078125,
    5937.39990234375,
    5948.52001953125,
    5959.56982421875,
    5971.18017578125,
    5978.169921875,
    5972.009765625,
    5972.72998046875,
    5970.52978515625
  ],
  "CAC40": [
    7847.97021484375,
    7824.68017578125,
    7820.89990234375,
    7821.6201171875,
    7819.93994140625,
    7810.8798828125,
    7817.14013671875,
    7795.10986328125,
    7789.4501953125,
    7868.77978515625,
    7836.5400390625,
    7844.830078125,
    7844.509765625,
    7837.259765625,
    7816.18994140625,
    7798.85009765625,
    7792.1298828125,
    7789.080078125,
    7790.85986328125,
    7792.14990234375,
    7800.58984375,
    7797.7001953125,
    7797.7001953125,
    7780.68994140625,
    7772.2900390625,
    7748.22998046875,
    7756.35009765625,
    7687.27001953125,
    7719.39013671875,
    7703.14990234375,
    7707.47021484375,
    7715.330078125,
    7712.240234375,
    7694.1298828125,
    7733.33984375,
    7740.9599609375,
    7713.97021484375,
    7714.72021484375,
    7715.97998046875,
    7722.259765625,
    7721.31005859375,
    7723.02978515625,
    7731.3798828125,
    7745.2998046875,
    7763.5498046875
  ],
  "Nikkei225": [
    37986.609375,
    37946.9296875,
    37918.859375,
    37842.19921875,
    37800.8984375,
    37811.37890625,
    37743.8984375,
    38315.37109375,
    38354.23828125,
    38355.69921875,
    38338.1015625,
    38345.46875,
    38434.3984375,
    38438.01171875,
    37884.16015625,
    37925.03125,
    37890.859375,
    37911.2890625,
    37958.171875,
    38071.80078125,
    38084.12109375,
    37480.71875,
    37429.91015625,
    37414.01953125,
    37376.96875,
    37449.359375,
    37490.12890625,
    37479.33984375,
    37614.08984375,
    37710.1796875,
    37546.8515625,
    37584.62109375,
    37490.55078125,
    37518.48046875,
    37496.55078125
  ]
}