{
  "S&P500": [
    5891.14990234375,
    5895.58984375,
    5895.5,
    5879.330078125,
    5884.1201171875,
    5886.5,
    5891.509765625,
    5872.9501953125,
    5898.3701171875,
    5907.08984375,
    5921.9599609375,
    5909.35009765625,
    5901.97998046875,
    5917.43994140625,
    5923.25,
    5923.330078125,
    5934.97998046875,
    5945.31982421875,
    5946.81982421875,
    5952.56982421875,
    5958.39990234375,
    5935.35009765625,
    5936.669921875,
    5953.4501953125,
    5964.330078125,
    5950.3701171875,
    5948.4599609375,
    5964.16015625,
    5942.14990234375,
    5947.39990234375,
    5939.83984375,
    5947.31005859375,
    5921.3798828125,
    5926.22021484375,
    5940.830078125
  ],
  "CAC40": [
    7849.7099609375,
    7818.740234375,
    7825.35009765625,
    7826.97021484375,
    7841.5498046875,
    7849.97021484375,
    7829.93017578125,
    7832.27978515625,
    7826.18994140625,
    7801.97021484375,
    7815.4599609375,
    7818.81005859375,
    7822.5498046875,
    7822.81005859375,
    7823.3701171875,
    7835.3701171875,
    7837.240234375,
    7848.58984375,
    7897.43017578125,
    7894.2998046875,
    7912.8798828125,
    7906.06982421875,
    7894.43994140625,
    7859.14990234375,
    7873.27001953125,
    7863.33984375,
    7878.10009765625,
    7847.830078125,
    7837.68017578125,
    7832.240234375,
    7829.9599609375,
    7831.02978515625,
    7826.56005859375,
    7858.77978515625,
    7867.330078125,
    7871.5400390625,
    7888.1298828125,
    7893.509765625,
    7902.3701171875,
    7921.27978515625,
    7932.759765625,
    7939.5,
    7944.3701171875,
    7941.830078125,
    7944.169921875
  ],
  "Nikkei225": [
    37721.140625,
    37678.51171875,
    37705.73828125,
    37713.4296875,
    37785.671875,
    37762.8984375,
    37789.25,
    37528.859375,
    37557.30859375,
    37659.390625,
    37653.26953125,
    37759.4609375,
    37730.73046875,
    37729.19140625,
    37602.3984375,
    37550.94921875,
    37617.62890625,
    37470.51953125,
    37489.69140625,
    37483.859375,
    37472.33984375,
    37832.37109375,
    37702.94140625,
    37691.55859375,
    37642.12109375,
    37627.5703125,
    37485.53125,
    37490.4609375,
    37478.171875,
    37448.66015625,
    37491.80078125
  ]
}