{
  "S&P500": [
    5788.8798828125,
    5796.2900390625,
    5799.10009765625,
    5823.580078125,
    5819.0400390625,
    5810.60986328125,
    5804.16015625,
    5890.39990234375,
    5899.81005859375,
    5905.330078125,
    5913.2099609375,
    5918.47998046875,
    5914.68994140625,
    5921.169921875,
    5914.31982421875,
    5905.830078125,
    5910.4599609375,
    5914.240234375,
    5912.25,
    5906.81005859375,
    5889.5,
    5912.60986328125,
    5919.14013671875,
    5902.240234375,
    5905.33984375,
    5892.16015625,
    5900.75,
    5912.16015625,
    5907.2001953125,
    5902.64990234375,
    5860.10009765625,
    5869.60009765625,
    5893.7998046875,
    5917.35009765625,
    5907.06005859375
  ],
  "CAC40": [
    7823.7001953125,
    7817.169921875,
    7829.2001953125,
    7821.009765625,
    7828.4501953125,
    7808.2099609375,
    7814.81005859375,
    7823.2099609375,
    7824.91015625,
    7843.2099609375,
    7844.490234375,
    7852.9501953125,
    7850.080078125,
    7840.0498046875,
    7831.7998046875,
    7824.0,
    7839.6201171875,
    7842.1201171875,
    7847.97021484375,
    7824.68017578125,
    7820.89990234375,
    7821.6201171875,
    7819.93994140625,
    7810.8798828125,
    7817.14013671875,
    7795.10986328125,
    7789.4501953125,
    7868.77978515625,
    7836.5400390625,
    7844.830078125,
    7844.509765625,
    7837.259765625,
    7816.18994140625,
    7798.85009765625,
    7792.1298828125,
    7789.080078125,
    7790.85986328125,
    7792.14990234375,
    7800.58984375,
    7797.7001953125,
    7797.7001953125,
    7780.68994140625,
    7772.2900390625,
    7748.22998046875,
    7756.35009765625
  ],
  "Nikkei225": [
    37411.96875,
    37410.96875,
    37329.21875,
    37436.9296875,
    37460.01953125,
    37485.71875,
    37516.69921875,
    37547.609375,
    37435.48046875,
    37440.3203125,
    37455.41015625,
    37485.75,
    37704.26953125,
    37764.078125,
    37986.609375,
    37946.9296875,
    37918.859375,
    37842.19921875,
    37800.8984375,
    37811.37890625,
    37743.8984375,
    38315.37109375,
    38354.23828125,
    38355.69921875,
    38338.1015625,
    38345.46875,
    38434.3984375,
    38438.01171875,
    37884.16015625,
    37925.03125,
    37890.859375,
    37911.2890625,
    37958.171875,
    38071.80078125,
    38084.12109375
  ]
}