{
  "Information Technology": {
    "1d": -0.41343,
    "1w": -1.03992,
    "1m": 10.58823,
    "YTD": -0.13967,
    "abs_1d": -0.96,
    "abs_1w": -2.43,
    "abs_1m": 22.14,
    "abs_YTD": -0.32
  },
  "Health Care": {
    "1d": -0.51453,
    "1w": -2.3905,
    "1m": -5.60023,
    "YTD": -4.08496,
    "abs_1d": -0.68,
    "abs_1w": -3.22,
    "abs_1m": -7.8,
    "abs_YTD": -5.6
  },
  "Financials": {
    "1d": -0.66758,
    "1w": -1.46085,
    "1m": 3.94494,
    "YTD": 5.31789,
    "abs_1d": -0.34,
    "abs_1w": -0.75,
    "abs_1m": 1.92,
    "abs_YTD": 2.55
  },
  "Consumer Discretionary": {
    "1d": -0.9176,
    "1w": -0.53233,
    "1m": 7.94193,
    "YTD": -2.67774,
    "abs_1d": -1.99,
    "abs_1w": -1.15,
    "abs_1m": 15.81,
    "abs_YTD": -5.91
  },
  "Consumer Staples": {
    "1d": -0.6801,
    "1w": -0.99274,
    "1m": 0.6647,
    "YTD": 4.9039,
    "abs_1d": -0.56,
    "abs_1w": -0.82,
    "abs_1m": 0.54,
    "abs_YTD": 3.82
  },
  "Communication Services": {
    "1d": -0.01964,
    "1w": 0.16728,
    "1m": 6.69741,
    "YTD": 4.95609,
    "abs_1d": -0.02,
    "abs_1w": 0.17,
    "abs_1m": 6.39,
    "abs_YTD": 4.81
  },
  "Energy": {
    "1d": -1.26964,
    "1w": -2.32085,
    "1m": -1.30545,
    "YTD": -5.04638,
    "abs_1d": -1.05,
    "abs_1w": -1.94,
    "abs_1m": -1.08,
    "abs_YTD": -4.34
  },
  "Industrials": {
    "1d": -0.49542,
    "1w": -0.8,
    "1m": 9.45656,
    "YTD": 8.93986,
    "abs_1d": -0.71,
    "abs_1w": -1.15,
    "abs_1m": 12.32,
    "abs_YTD": 11.7
  },
  "Real Estate": {
    "1d": 0.0,
    "1w": -1.36103,
    "1m": 0.4865,
    "YTD": 3.18791,
    "abs_1d": 0.0,
    "abs_1w": -0.57,
    "abs_1m": 0.2,
    "abs_YTD": 1.28
  },
  "Materials": {
    "1d": -1.36467,
    "1w": -1.27411,
    "1m": 3.05536,
    "YTD": 3.8577,
    "abs_1d": -1.19,
    "abs_1w": -1.11,
    "abs_1m": 2.55,
    "abs_YTD": 3.19
  },
  "Utilities": {
    "1d": -1.39586,
    "1w": -2.70629,
    "1m": 1.55107,
    "YTD": 6.33483,
    "abs_1d": -1.14,
    "abs_1w": -2.24,
    "abs_1m": 1.23,
    "abs_YTD": 4.8
  }
}