{
  "Information Technology": {
    "1d": -0.28294,
    "1w": 1.94275,
    "1m": 9.41569,
    "YTD": 1.97206,
    "abs_1d": -0.67,
    "abs_1w": 4.5,
    "abs_1m": 20.32,
    "abs_YTD": 4.57
  },
  "Health Care": {
    "1d": -0.13504,
    "1w": 0.56664,
    "1m": -1.66223,
    "YTD": -2.89587,
    "abs_1d": -0.18,
    "abs_1w": 0.75,
    "abs_1m": -2.25,
    "abs_YTD": -3.97
  },
  "Financials": {
    "1d": -0.27564,
    "1w": -0.39331,
    "1m": 2.4267,
    "YTD": 5.4428,
    "abs_1d": -0.14,
    "abs_1w": -0.2,
    "abs_1m": 1.2,
    "abs_YTD": 2.61
  },
  "Consumer Discretionary": {
    "1d": -2.52245,
    "1w": -2.5678,
    "1m": 5.20368,
    "YTD": -5.13707,
    "abs_1d": -5.42,
    "abs_1w": -5.52,
    "abs_1m": 10.36,
    "abs_YTD": -11.34
  },
  "Consumer Staples": {
    "1d": -0.96084,
    "1w": -0.82816,
    "1m": -0.06137,
    "YTD": 4.45494,
    "abs_1d": -0.79,
    "abs_1w": -0.68,
    "abs_1m": -0.05,
    "abs_YTD": 3.47
  },
  "Communication Services": {
    "1d": 0.13691,
    "1w": 1.40622,
    "1m": 5.07953,
    "YTD": 5.57469,
    "abs_1d": 0.14,
    "abs_1w": 1.42,
    "abs_1m": 4.95,
    "abs_YTD": 5.41
  },
  "Energy": {
    "1d": -0.09761,
    "1w": -0.47411,
    "1m": 1.63873,
    "YTD": -4.79053,
    "abs_1d": -0.08,
    "abs_1w": -0.39,
    "abs_1m": 1.32,
    "abs_YTD": -4.12
  },
  "Industrials": {
    "1d": -0.06954,
    "1w": 0.69362,
    "1m": 7.13381,
    "YTD": 9.79548,
    "abs_1d": -0.1,
    "abs_1w": 0.99,
    "abs_1m": 9.57,
    "abs_YTD": 12.82
  },
  "Real Estate": {
    "1d": -0.02395,
    "1w": 0.16791,
    "1m": 0.48122,
    "YTD": 4.31196,
    "abs_1d": -0.01,
    "abs_1w": 0.07,
    "abs_1m": 0.2,
    "abs_YTD": 1.73
  },
  "Materials": {
    "1d": -0.59044,
    "1w": 1.41318,
    "1m": 5.19044,
    "YTD": 5.71726,
    "abs_1d": -0.52,
    "abs_1w": 1.22,
    "abs_1m": 4.32,
    "abs_YTD": 4.73
  },
  "Utilities": {
    "1d": -0.16057,
    "1w": -0.32062,
    "1m": 0.09907,
    "YTD": 6.73097,
    "abs_1d": -0.13,
    "abs_1w": -0.26,
    "abs_1m": 0.08,
    "abs_YTD": 5.1
  }
}