{
  "Information Technology": {
    "1d": 0.14803,
    "1w": 2.40443,
    "1m": 10.82511,
    "YTD": 2.2614,
    "abs_1d": 0.35,
    "abs_1w": 5.56,
    "abs_1m": 23.13,
    "abs_YTD": 5.24
  },
  "Health Care": {
    "1d": 0.19544,
    "1w": 1.37663,
    "1m": -0.77422,
    "YTD": -2.76457,
    "abs_1d": 0.26,
    "abs_1w": 1.81,
    "abs_1m": -1.04,
    "abs_YTD": -3.79
  },
  "Financials": {
    "1d": -0.56774,
    "1w": 0.39534,
    "1m": 3.31571,
    "YTD": 5.73425,
    "abs_1d": -0.29,
    "abs_1w": 0.2,
    "abs_1m": 1.63,
    "abs_YTD": 2.75
  },
  "Consumer Discretionary": {
    "1d": -0.26458,
    "1w": -0.00466,
    "1m": 8.7674,
    "YTD": -2.68228,
    "abs_1d": -0.57,
    "abs_1w": -0.01,
    "abs_1m": 17.32,
    "abs_YTD": -5.92
  },
  "Consumer Staples": {
    "1d": -0.70049,
    "1w": 0.53803,
    "1m": 1.06946,
    "YTD": 5.46832,
    "abs_1d": -0.58,
    "abs_1w": 0.44,
    "abs_1m": 0.87,
    "abs_YTD": 4.26
  },
  "Communication Services": {
    "1d": 0.6397,
    "1w": 0.45187,
    "1m": 4.7424,
    "YTD": 5.43035,
    "abs_1d": 0.65,
    "abs_1w": 0.46,
    "abs_1m": 4.63,
    "abs_YTD": 5.27
  },
  "Energy": {
    "1d": -1.95023,
    "1w": 0.36742,
    "1m": 1.77596,
    "YTD": -4.6975,
    "abs_1d": -1.63,
    "abs_1w": 0.3,
    "abs_1m": 1.43,
    "abs_YTD": -4.04
  },
  "Industrials": {
    "1d": 0.05566,
    "1w": 0.85554,
    "1m": 7.75456,
    "YTD": 9.87188,
    "abs_1d": 0.08,
    "abs_1w": 1.22,
    "abs_1m": 10.35,
    "abs_YTD": 12.92
  },
  "Real Estate": {
    "1d": 0.3122,
    "1w": 1.11353,
    "1m": 0.4328,
    "YTD": 4.33694,
    "abs_1d": 0.13,
    "abs_1w": 0.46,
    "abs_1m": 0.18,
    "abs_YTD": 1.74
  },
  "Materials": {
    "1d": 0.37611,
    "1w": 2.39507,
    "1m": 5.2336,
    "YTD": 6.34516,
    "abs_1d": 0.33,
    "abs_1w": 2.06,
    "abs_1m": 4.38,
    "abs_YTD": 5.25
  },
  "Utilities": {
    "1d": -1.74758,
    "1w": 0.53396,
    "1m": 0.54645,
    "YTD": 6.90262,
    "abs_1d": -1.44,
    "abs_1w": 0.43,
    "abs_1m": 0.44,
    "abs_YTD": 5.23
  }
}