{
  "Information Technology": {
    "1d": 0.16866,
    "1w": 1.02495,
    "1m": 10.31576,
    "YTD": 0.02875,
    "abs_1d": 0.39,
    "abs_1w": 2.35,
    "abs_1m": 21.66,
    "abs_YTD": 0.07
  },
  "Health Care": {
    "1d": 0.66931,
    "1w": 0.59279,
    "1m": -5.77348,
    "YTD": -3.443,
    "abs_1d": 0.88,
    "abs_1w": 0.78,
    "abs_1m": -8.11,
    "abs_YTD": -4.72
  },
  "Financials": {
    "1d": 0.51393,
    "1w": 1.11354,
    "1m": 4.2863,
    "YTD": 5.85916,
    "abs_1d": 0.26,
    "abs_1w": 0.56,
    "abs_1m": 2.09,
    "abs_YTD": 2.81
  },
  "Consumer Discretionary": {
    "1d": 0.04188,
    "1w": 1.56863,
    "1m": 8.978,
    "YTD": -2.63698,
    "abs_1d": 0.09,
    "abs_1w": 3.32,
    "abs_1m": 17.71,
    "abs_YTD": -5.82
  },
  "Consumer Staples": {
    "1d": 0.40352,
    "1w": 0.5757,
    "1m": 0.34217,
    "YTD": 5.32721,
    "abs_1d": 0.33,
    "abs_1w": 0.47,
    "abs_1m": 0.28,
    "abs_YTD": 4.15
  },
  "Communication Services": {
    "1d": -0.8055,
    "1w": 0.10905,
    "1m": 5.80469,
    "YTD": 4.11067,
    "abs_1d": -0.82,
    "abs_1w": 0.11,
    "abs_1m": 5.54,
    "abs_YTD": 3.99
  },
  "Energy": {
    "1d": 0.74709,
    "1w": 0.25594,
    "1m": 2.18634,
    "YTD": -4.33699,
    "abs_1d": 0.61,
    "abs_1w": 0.21,
    "abs_1m": 1.76,
    "abs_YTD": -3.73
  },
  "Industrials": {
    "1d": 0.09116,
    "1w": 0.99773,
    "1m": 8.77152,
    "YTD": 9.03916,
    "abs_1d": 0.13,
    "abs_1w": 1.41,
    "abs_1m": 11.51,
    "abs_YTD": 11.83
  },
  "Real Estate": {
    "1d": 0.91987,
    "1w": 2.25656,
    "1m": 0.94431,
    "YTD": 4.1371,
    "abs_1d": 0.38,
    "abs_1w": 0.92,
    "abs_1m": 0.39,
    "abs_YTD": 1.66
  },
  "Materials": {
    "1d": 0.37205,
    "1w": 0.43044,
    "1m": 2.90857,
    "YTD": 4.2441,
    "abs_1d": 0.32,
    "abs_1w": 0.37,
    "abs_1m": 2.44,
    "abs_YTD": 3.51
  },
  "Utilities": {
    "1d": 0.69539,
    "1w": -0.20921,
    "1m": 2.77566,
    "YTD": 7.07427,
    "abs_1d": 0.56,
    "abs_1w": -0.17,
    "abs_1m": 2.19,
    "abs_YTD": 5.36
  }
}