{
  "Information Technology": {
    "1d": 0.88346,
    "1w": 2.70711,
    "1m": 7.54351,
    "YTD": 0.59878,
    "abs_1d": 2.04,
    "abs_1w": 6.14,
    "abs_1m": 16.34,
    "abs_YTD": 1.39
  },
  "Health Care": {
    "1d": 0.06032,
    "1w": 1.826,
    "1m": -4.19404,
    "YTD": -3.18038,
    "abs_1d": 0.08,
    "abs_1w": 2.38,
    "abs_1m": -5.81,
    "abs_YTD": -4.36
  },
  "Financials": {
    "1d": 0.03925,
    "1w": 1.85814,
    "1m": 2.45177,
    "YTD": 6.12979,
    "abs_1d": 0.02,
    "abs_1w": 0.93,
    "abs_1m": 1.22,
    "abs_YTD": 2.94
  },
  "Consumer Discretionary": {
    "1d": 0.23386,
    "1w": 1.73274,
    "1m": 6.38932,
    "YTD": -2.94043,
    "abs_1d": 0.5,
    "abs_1w": 3.65,
    "abs_1m": 12.87,
    "abs_YTD": -6.49
  },
  "Consumer Staples": {
    "1d": 0.06036,
    "1w": 1.56863,
    "1m": 1.61844,
    "YTD": 6.31493,
    "abs_1d": 0.05,
    "abs_1w": 1.28,
    "abs_1m": 1.32,
    "abs_YTD": 4.92
  },
  "Communication Services": {
    "1d": 0.4931,
    "1w": 1.70676,
    "1m": 4.59865,
    "YTD": 5.05919,
    "abs_1d": 0.5,
    "abs_1w": 1.71,
    "abs_1m": 4.48,
    "abs_YTD": 4.91
  },
  "Energy": {
    "1d": 1.3124,
    "1w": 0.74399,
    "1m": 0.75628,
    "YTD": -3.94159,
    "abs_1d": 1.07,
    "abs_1w": 0.61,
    "abs_1m": 0.62,
    "abs_YTD": -3.39
  },
  "Industrials": {
    "1d": -0.12604,
    "1w": 1.28524,
    "1m": 5.989,
    "YTD": 8.97041,
    "abs_1d": -0.18,
    "abs_1w": 1.81,
    "abs_1m": 8.06,
    "abs_YTD": 11.74
  },
  "Real Estate": {
    "1d": 0.14378,
    "1w": 2.82973,
    "1m": -0.33389,
    "YTD": 4.3869,
    "abs_1d": 0.06,
    "abs_1w": 1.15,
    "abs_1m": -0.14,
    "abs_YTD": 1.76
  },
  "Materials": {
    "1d": 0.59069,
    "1w": 1.34189,
    "1m": 2.26068,
    "YTD": 4.872,
    "abs_1d": 0.51,
    "abs_1w": 1.15,
    "abs_1m": 1.92,
    "abs_YTD": 4.03
  },
  "Utilities": {
    "1d": 0.31739,
    "1w": 1.3817,
    "1m": 3.04702,
    "YTD": 8.51355,
    "abs_1d": 0.26,
    "abs_1w": 1.12,
    "abs_1m": 2.43,
    "abs_YTD": 6.45
  }
}