{
  "Information Technology": {
    "1d": -0.14475,
    "1w": 3.00835,
    "1m": 24.84032,
    "YTD": 1.28974,
    "abs_1d": -0.34,
    "abs_1w": 6.85,
    "abs_1m": 46.67,
    "abs_YTD": 2.99
  },
  "Health Care": {
    "1d": 0.96175,
    "1w": -1.16947,
    "1m": 1.35776,
    "YTD": -1.9767,
    "abs_1d": 1.28,
    "abs_1w": -1.59,
    "abs_1m": 1.8,
    "abs_YTD": -2.71
  },
  "Financials": {
    "1d": 0.05815,
    "1w": 1.47435,
    "1m": 13.07776,
    "YTD": 7.46214,
    "abs_1d": 0.03,
    "abs_1w": 0.75,
    "abs_1m": 5.97,
    "abs_YTD": 3.58
  },
  "Consumer Discretionary": {
    "1d": -0.2343,
    "1w": 2.20737,
    "1m": 20.34359,
    "YTD": -1.6451,
    "abs_1d": -0.51,
    "abs_1w": 4.69,
    "abs_1m": 36.71,
    "abs_YTD": -3.63
  },
  "Consumer Staples": {
    "1d": 0.29243,
    "1w": 1.57966,
    "1m": 1.5045,
    "YTD": 5.58376,
    "abs_1d": 0.24,
    "abs_1w": 1.28,
    "abs_1m": 1.22,
    "abs_YTD": 4.35
  },
  "Communication Services": {
    "1d": 0.09825,
    "1w": 2.70161,
    "1m": 15.5364,
    "YTD": 5.03857,
    "abs_1d": 0.1,
    "abs_1w": 2.68,
    "abs_1m": 13.7,
    "abs_YTD": 4.89
  },
  "Energy": {
    "1d": -1.29855,
    "1w": -0.24828,
    "1m": 6.29961,
    "YTD": -1.88319,
    "abs_1d": -1.11,
    "abs_1w": -0.21,
    "abs_1m": 5.0,
    "abs_YTD": -1.62
  },
  "Industrials": {
    "1d": 0.3408,
    "1w": 2.82965,
    "1m": 17.78105,
    "YTD": 10.21566,
    "abs_1d": 0.49,
    "abs_1w": 3.97,
    "abs_1m": 21.78,
    "abs_YTD": 13.37
  },
  "Real Estate": {
    "1d": 0.21424,
    "1w": 1.08042,
    "1m": 6.28629,
    "YTD": 5.16124,
    "abs_1d": 0.09,
    "abs_1w": 0.45,
    "abs_1m": 2.49,
    "abs_YTD": 2.07
  },
  "Materials": {
    "1d": 0.25272,
    "1w": 0.86685,
    "1m": 9.74598,
    "YTD": 5.37915,
    "abs_1d": 0.22,
    "abs_1w": 0.75,
    "abs_1m": 7.75,
    "abs_YTD": 4.45
  },
  "Utilities": {
    "1d": 0.42589,
    "1w": 3.47291,
    "1m": 8.69221,
    "YTD": 8.9757,
    "abs_1d": 0.35,
    "abs_1w": 2.77,
    "abs_1m": 6.6,
    "abs_YTD": 6.8
  }
}