{
  "Information Technology": {
    "1d": -0.31084,
    "1w": 0.68458,
    "1m": 8.38301,
    "YTD": -0.28218,
    "abs_1d": -0.72,
    "abs_1w": 1.57,
    "abs_1m": 17.86,
    "abs_YTD": -0.65
  },
  "Health Care": {
    "1d": 0.21154,
    "1w": 1.60092,
    "1m": -2.9274,
    "YTD": -3.23874,
    "abs_1d": 0.28,
    "abs_1w": 2.09,
    "abs_1m": -4.0,
    "abs_YTD": -4.44
  },
  "Financials": {
    "1d": 0.21632,
    "1w": 1.45331,
    "1m": 4.53333,
    "YTD": 6.08815,
    "abs_1d": 0.11,
    "abs_1w": 0.73,
    "abs_1m": 2.21,
    "abs_YTD": 2.92
  },
  "Consumer Discretionary": {
    "1d": -0.54426,
    "1w": 0.58337,
    "1m": 7.78926,
    "YTD": -3.16689,
    "abs_1d": -1.17,
    "abs_1w": 1.24,
    "abs_1m": 15.45,
    "abs_YTD": -6.99
  },
  "Consumer Staples": {
    "1d": 0.87687,
    "1w": 1.88192,
    "1m": 2.10799,
    "YTD": 6.2508,
    "abs_1d": 0.72,
    "abs_1w": 1.53,
    "abs_1m": 1.71,
    "abs_YTD": 4.87
  },
  "Communication Services": {
    "1d": 0.41592,
    "1w": 0.74516,
    "1m": 5.70208,
    "YTD": 4.54369,
    "abs_1d": 0.42,
    "abs_1w": 0.75,
    "abs_1m": 5.47,
    "abs_YTD": 4.41
  },
  "Energy": {
    "1d": -0.88743,
    "1w": -0.24471,
    "1m": 0.90346,
    "YTD": -5.18593,
    "abs_1d": -0.73,
    "abs_1w": -0.2,
    "abs_1m": 0.73,
    "abs_YTD": -4.46
  },
  "Industrials": {
    "1d": 0.06306,
    "1w": 1.08289,
    "1m": 8.02511,
    "YTD": 9.10793,
    "abs_1d": 0.09,
    "abs_1w": 1.53,
    "abs_1m": 10.61,
    "abs_YTD": 11.92
  },
  "Real Estate": {
    "1d": 0.09595,
    "1w": 2.70736,
    "1m": 0.74843,
    "YTD": 4.23702,
    "abs_1d": 0.04,
    "abs_1w": 1.1,
    "abs_1m": 0.31,
    "abs_YTD": 1.7
  },
  "Materials": {
    "1d": 0.01158,
    "1w": 0.54733,
    "1m": 3.37644,
    "YTD": 4.25617,
    "abs_1d": 0.01,
    "abs_1w": 0.47,
    "abs_1m": 2.82,
    "abs_YTD": 3.52
  },
  "Utilities": {
    "1d": 1.02356,
    "1w": 2.27216,
    "1m": 3.52584,
    "YTD": 8.17024,
    "abs_1d": 0.83,
    "abs_1w": 1.82,
    "abs_1m": 2.79,
    "abs_YTD": 6.19
  }
}